#{"t_start": 1634016559.7196288, "env_id": "AliengoGymEnv-v0"}
r,l,t
-0.186516,155,7.82603
-0.261581,140,12.893479
