#{"t_start": 1634016561.0598457, "env_id": "AliengoGymEnv-v0"}
r,l,t
-0.133927,122,5.307288
-0.19028,119,9.606267
