#{"t_start": 1634016561.3629143, "env_id": "AliengoGymEnv-v0"}
r,l,t
-0.252251,149,5.993258
