#{"t_start": 1634016561.5126014, "env_id": "AliengoGymEnv-v0"}
r,l,t
-0.128644,133,5.25964
