#{"t_start": 1634016561.6579936, "env_id": "AliengoGymEnv-v0"}
r,l,t
-0.063694,63,2.541985
-0.172144,117,6.809754
