#{"t_start": 1634016561.809702, "env_id": "AliengoGymEnv-v0"}
r,l,t
-0.17252,88,3.312839
-0.315848,191,10.236969
