#{"t_start": 1634016559.8682084, "env_id": "AliengoGymEnv-v0"}
r,l,t
-0.154899,97,5.562427
-0.070658,65,7.927586
-0.065135,106,11.743458
