#{"t_start": 1634016560.0179095, "env_id": "AliengoGymEnv-v0"}
r,l,t
-0.151346,101,5.564801
-0.226001,157,11.239227
