#{"t_start": 1634016560.1667216, "env_id": "AliengoGymEnv-v0"}
r,l,t
-0.362722,184,8.422028
-0.272311,110,12.416571
