#{"t_start": 1634016560.3142374, "env_id": "AliengoGymEnv-v0"}
r,l,t
-0.15879,221,9.614352
