#{"t_start": 1634016560.4636276, "env_id": "AliengoGymEnv-v0"}
r,l,t
-0.176723,287,11.862658
