#{"t_start": 1634016560.6122973, "env_id": "AliengoGymEnv-v0"}
r,l,t
-0.110949,67,3.719514
-0.041694,90,7.017159
