#{"t_start": 1634016560.7598, "env_id": "AliengoGymEnv-v0"}
r,l,t
-0.099799,88,4.347333
-0.238266,162,10.223582
