#{"t_start": 1634016560.9073794, "env_id": "AliengoGymEnv-v0"}
r,l,t
-0.256244,168,7.123038
-0.168376,102,10.794456
