#{"t_start": 1634016655.5806162, "env_id": "AliengoGymEnv-v0"}
r,l,t
-0.134167,64,4.439244
