#{"t_start": 1634016657.2104425, "env_id": "AliengoGymEnv-v0"}
r,l,t
-0.117774,49,2.293562
