#{"t_start": 1634016657.5041647, "env_id": "AliengoGymEnv-v0"}
r,l,t
-0.053709,52,2.112496
