#{"t_start": 1634016719.947875, "env_id": "AliengoGymEnv-v0"}
r,l,t
-0.27222,121,4.662578
-0.257092,184,11.720801
-0.234373,111,15.686226
-0.234444,154,28.860647
