#{"t_start": 1634016718.6307755, "env_id": "AliengoGymEnv-v0"}
r,l,t
-0.175755,118,5.839159
-0.302273,173,12.495043
-0.162365,214,20.153612
