#{"t_start": 1634016718.9235382, "env_id": "AliengoGymEnv-v0"}
r,l,t
-0.259571,96,4.703301
-0.126459,70,7.40121
-0.267737,308,18.767143
-0.18826,137,31.400055
