#{"t_start": 1634016719.0699172, "env_id": "AliengoGymEnv-v0"}
r,l,t
-0.131431,103,4.824253
-0.143388,141,10.29246
-0.221133,212,17.994056
